scene,chapter,beat,tension_target,tension_actual,note
s-001,ch-01,"setup",2,1,"Morning rituals and domestic routines established to set up the Queen's private sphere before the walk."
s-002,ch-01,"setup",4,3,"Public arrival establishes the book's contrast between performed public composure and private restlessness; sets up privacy promise and the manager's control."
s-003,ch-01,"setup",4,3,"Introduces town's reaction to the actress's arrival and establishes the neighbour's habitual viewpoint and the confidante's discreet inquiries."
s-004,ch-01,"complication",3,2,"Domestic choreography to make the Queen's private hour possible; low dramatic tension, focuses on procedure and discretion."
s-005,ch-02,"setup",2,2,"Quiet, domestic establishing scene that sets tone and privacy; low tension but intimate detail (lamplight, script, chilled drink)."
s-006,ch-02,"turn",2,2,"Low-tension, observational beat: a private encounter that changes nothing public-facing and ends without escalation."
s-007,ch-02,"complication",3,2,"Household contains a potential press incident by rehearsing and issuing a holding statement; this moves the plot by defining privacy protocol in public relations."
s-008,ch-02,"setup",2,2,"Scene functions as a quiet setup establishing mood, the confidante's watchfulness and the actress's preference for anonymity. Low tension."
s-009,ch-03,"complication",3,2,"A quiet domestic turn: the Queen rejects the rehearsed public line and substitutes a simpler claim; a private object (the journal) is put away and privacy is reaffirmed."
